Ref,Val,Package,PosX,PosY,Rot,Side
"C103","8.5-100pF","VC07B",-96.400000,-111.722500,90.000000,bottom
"J102","Left","PinHeader_2x04_P2.54mm_Vertical",-85.000000,-86.972000,-90.000000,bottom
"J104","Right","PinHeader_2x04_P2.54mm_Vertical",-85.000000,-105.400000,-90.000000,bottom
"J108","36-5005-ND","Pin_D1.6mm_L8.5mm_W2.8mm_FlatFork",-81.915000,-96.186000,180.000000,bottom
"RV101","10k 10T","Bourns_PV36W_Multiturn_Pot",-99.960000,-77.607500,-90.000000,bottom
"SW203","PEC12R-4225F-S0024","RotaryEncoder_Bourns_PEC12R-Switch_Vertical_CircularMountingHoles",-107.000000,-96.186000,180.000000,bottom
"TP201","I2C1","PinSocket_1x04_P1.27mm_Vertical",-154.930000,-81.520000,90.000000,bottom
"U205","EA_DOGS104W-A","EA_DOGS104X-A",-168.800000,-85.880000,-90.000000,bottom
