Ref,Val,Package,PosX,PosY,Rot,Side
"C103","8.5-100pF","VC07B",-97.860000,-111.570000,90.000000,bottom
"D203","Red LED","LED_0805_2012Metric",-191.630000,-77.990000,180.000000,bottom
"D204","Green LED","LED_0805_2012Metric",-191.650000,-114.427500,180.000000,bottom
"J102","Left","69830-008LF",-81.150000,-85.695000,-90.000000,bottom
"J104","Right","69830-008LF",-81.150000,-104.075000,-90.000000,bottom
"J108","36-5005-ND","Pin_D1.6mm_L8.5mm_W2.8mm_FlatFork",-81.915000,-96.186000,180.000000,bottom
"J203","Conn_01x02","PinSocket_1x02_P1.27mm_Vertical",-187.415000,-77.975000,-90.000000,bottom
"J204","Conn_01x02","PinSocket_1x02_P1.27mm_Vertical",-187.495000,-114.445000,-90.000000,bottom
"J301","35RASMT2BHSNTRX","SWITCHCRAFT_35RASMT2BHSNTRX",-210.500000,-96.186000,-90.000000,bottom
"RV101","10k 10T","Potentiometer_Bourns_3362P_Vertical",-108.000000,-79.280000,-90.000000,bottom
"SW203","PEC12R-4225F-S0024","RotaryEncoder_Bourns_PEC12R-Switch_Vertical_CircularMountingHoles",-107.000000,-96.186000,180.000000,bottom
"T101","Transformer_1P_SS","FT-37_Core_3_windings_Horiz_TH",-120.560000,-100.780000,90.000000,bottom
"TP201","I2C1","PinSocket_1x04_P1.27mm_Vertical",-154.930000,-81.520000,90.000000,bottom
"U205","EA_DOGS104W-A","EA_DOGS104X-A",-168.800000,-85.880000,-90.000000,bottom
